Domain Code,Domain,Area Code (M49),Area,Element Code,Element,Item Code (CPC),Item,Year Code,Year,Unit,Value,Flag,Flag Description
"QCL","Crops and livestock products","788","Tunisia","5312","Area harvested","01371","Almonds, in shell","2024","2024","ha","198531","I","Value imputed by a receiving agency"
"QCL","Crops and livestock products","788","Tunisia","5412","Yield","01371","Almonds, in shell","2024","2024","kg/ha","357","E","Estimated value"
"QCL","Crops and livestock products","788","Tunisia","5510","Production","01371","Almonds, in shell","2024","2024","t","70872.73","I","Value imputed by a receiving agency"
"QCL","Crops and livestock products","788","Tunisia","5312","Area harvested","01654","Anise, badian, coriander, cumin, caraway, fennel and juniper berries, raw","2024","2024","ha","13518","I","Value imputed by a receiving agency"
"QCL","Crops and livestock products","788","Tunisia","5412","Yield","01654","Anise, badian, coriander, cumin, caraway, fennel and juniper berries, raw","2024","2024","kg/ha","791.4","E","Estimated value"
"QCL","Crops and livestock products","788","Tunisia","5510","Production","01654","Anise, badian, coriander, cumin, caraway, fennel and juniper berries, raw","2024","2024","t","10697.62","I","Value imputed by a receiving agency"
"QCL","Crops and livestock products","788","Tunisia","5312","Area harvested","01341","Apples","2024","2024","ha","24720","I","Value imputed by a receiving agency"
"QCL","Crops and livestock products","788","Tunisia","5412","Yield","01341","Apples","2024","2024","kg/ha","5679.2","E","Estimated value"
"QCL","Crops and livestock products","788","Tunisia","5510","Production","01341","Apples","2024","2024","t","140388.43","I","Value imputed by a receiving agency"
"QCL","Crops and livestock products","788","Tunisia","5312","Area harvested","01343","Apricots","2024","2024","ha","6890","I","Value imputed by a receiving agency"
"QCL","Crops and livestock products","788","Tunisia","5412","Yield","01343","Apricots","2024","2024","kg/ha","5425.4","E","Estimated value"
"QCL","Crops and livestock products","788","Tunisia","5510","Production","01343","Apricots","2024","2024","t","37382.97","I","Value imputed by a receiving agency"
"QCL","Crops and livestock products","788","Tunisia","5312","Area harvested","01216","Artichokes","2024","2024","ha","3582","I","Value imputed by a receiving agency"
"QCL","Crops and livestock products","788","Tunisia","5412","Yield","01216","Artichokes","2024","2024","kg/ha","7101","E","Estimated value"
"QCL","Crops and livestock products","788","Tunisia","5510","Production","01216","Artichokes","2024","2024","t","25438.14","I","Value imputed by a receiving agency"
"QCL","Crops and livestock products","788","Tunisia","5510","Production","01211","Asparagus","2024","2024","t","268.19","I","Value imputed by a receiving agency"
"QCL","Crops and livestock products","788","Tunisia","5312","Area harvested","01311","Avocados","2024","2024","ha","31","E","Estimated value"
"QCL","Crops and livestock products","788","Tunisia","5412","Yield","01311","Avocados","2024","2024","kg/ha","10846.4","E","Estimated value"
"QCL","Crops and livestock products","788","Tunisia","5510","Production","01311","Avocados","2024","2024","t","337","E","Estimated value"
"QCL","Crops and livestock products","788","Tunisia","5312","Area harvested","0115","Barley","2024","2024","ha","225000","X","Figure from external organization"
"QCL","Crops and livestock products","788","Tunisia","5412","Yield","0115","Barley","2024","2024","kg/ha","1333.3","X","Figure from external organization"
"QCL","Crops and livestock products","788","Tunisia","5510","Production","0115","Barley","2024","2024","t","300000","X","Figure from external organization"
"QCL","Crops and livestock products","788","Tunisia","5312","Area harvested","01701","Beans, dry","2024","2024","ha","308","E","Estimated value"
"QCL","Crops and livestock products","788","Tunisia","5412","Yield","01701","Beans, dry","2024","2024","kg/ha","814.7","E","Estimated value"
"QCL","Crops and livestock products","788","Tunisia","5510","Production","01701","Beans, dry","2024","2024","t","250.91","E","Estimated value"
"QCL","Crops and livestock products","788","Tunisia","5312","Area harvested","01702","Broad beans and horse beans, dry","2024","2024","ha","55212","I","Value imputed by a receiving agency"
"QCL","Crops and livestock products","788","Tunisia","5412","Yield","01702","Broad beans and horse beans, dry","2024","2024","kg/ha","1342.1","E","Estimated value"
"QCL","Crops and livestock products","788","Tunisia","5510","Production","01702","Broad beans and horse beans, dry","2024","2024","t","74097.76","I","Value imputed by a receiving agency"
"QCL","Crops and livestock products","788","Tunisia","5312","Area harvested","01243","Broad beans and horse beans, green","2024","2024","ha","5998","E","Estimated value"
"QCL","Crops and livestock products","788","Tunisia","5412","Yield","01243","Broad beans and horse beans, green","2024","2024","kg/ha","13819","E","Estimated value"
"QCL","Crops and livestock products","788","Tunisia","5510","Production","01243","Broad beans and horse beans, green","2024","2024","t","82887.83","I","Value imputed by a receiving agency"
"QCL","Crops and livestock products","788","Tunisia","5312","Area harvested","01212","Cabbages","2024","2024","ha","2725","E","Estimated value"
"QCL","Crops and livestock products","788","Tunisia","5412","Yield","01212","Cabbages","2024","2024","kg/ha","11340.2","E","Estimated value"
"QCL","Crops and livestock products","788","Tunisia","5510","Production","01212","Cabbages","2024","2024","t","30907.32","E","Estimated value"
"QCL","Crops and livestock products","788","Tunisia","5312","Area harvested","01229","Cantaloupes and other melons","2024","2024","ha","10252","E","Estimated value"
"QCL","Crops and livestock products","788","Tunisia","5412","Yield","01229","Cantaloupes and other melons","2024","2024","kg/ha","10578.2","E","Estimated value"
"QCL","Crops and livestock products","788","Tunisia","5510","Production","01229","Cantaloupes and other melons","2024","2024","t","108445.47","E","Estimated value"
"QCL","Crops and livestock products","788","Tunisia","5312","Area harvested","01251","Carrots and turnips","2024","2024","ha","11697","E","Estimated value"
"QCL","Crops and livestock products","788","Tunisia","5412","Yield","01251","Carrots and turnips","2024","2024","kg/ha","17887.3","E","Estimated value"
"QCL","Crops and livestock products","788","Tunisia","5510","Production","01251","Carrots and turnips","2024","2024","t","209219.11","E","Estimated value"
"QCL","Crops and livestock products","788","Tunisia","5312","Area harvested","01213","Cauliflowers and broccoli","2024","2024","ha","951","I","Value imputed by a receiving agency"
"QCL","Crops and livestock products","788","Tunisia","5412","Yield","01213","Cauliflowers and broccoli","2024","2024","kg/ha","11128.8","E","Estimated value"
"QCL","Crops and livestock products","788","Tunisia","5510","Production","01213","Cauliflowers and broccoli","2024","2024","t","10583.52","E","Estimated value"
"QCL","Crops and livestock products","788","Tunisia","5312","Area harvested","01199.90","Cereals n.e.c.","2024","2024","ha","17377","I","Value imputed by a receiving agency"
"QCL","Crops and livestock products","788","Tunisia","5412","Yield","01199.90","Cereals n.e.c.","2024","2024","kg/ha","1668.9","E","Estimated value"
"QCL","Crops and livestock products","788","Tunisia","5510","Production","01199.90","Cereals n.e.c.","2024","2024","t","29000","X","Figure from external organization"
"QCL","Crops and livestock products","788","Tunisia","5312","Area harvested","01344.02","Cherries","2024","2024","ha","1021","E","Estimated value"
"QCL","Crops and livestock products","788","Tunisia","5412","Yield","01344.02","Cherries","2024","2024","kg/ha","4454.9","E","Estimated value"
"QCL","Crops and livestock products","788","Tunisia","5510","Production","01344.02","Cherries","2024","2024","t","4546.64","I","Value imputed by a receiving agency"
"QCL","Crops and livestock products","788","Tunisia","5312","Area harvested","01703","Chick peas, dry","2024","2024","ha","6743","I","Value imputed by a receiving agency"
"QCL","Crops and livestock products","788","Tunisia","5412","Yield","01703","Chick peas, dry","2024","2024","kg/ha","1429.3","E","Estimated value"
"QCL","Crops and livestock products","788","Tunisia","5510","Production","01703","Chick peas, dry","2024","2024","t","9637.32","I","Value imputed by a receiving agency"
"QCL","Crops and livestock products","788","Tunisia","5312","Area harvested","01652","Chillies and peppers, dry (Capsicum spp., Pimenta spp.), raw","2024","2024","ha","8277","E","Estimated value"
"QCL","Crops and livestock products","788","Tunisia","5412","Yield","01652","Chillies and peppers, dry (Capsicum spp., Pimenta spp.), raw","2024","2024","kg/ha","2523.6","E","Estimated value"
"QCL","Crops and livestock products","788","Tunisia","5510","Production","01652","Chillies and peppers, dry (Capsicum spp., Pimenta spp.), raw","2024","2024","t","20887.16","E","Estimated value"
"QCL","Crops and livestock products","788","Tunisia","5312","Area harvested","01231","Chillies and peppers, green (Capsicum spp. and Pimenta spp.)","2024","2024","ha","20319","I","Value imputed by a receiving agency"
"QCL","Crops and livestock products","788","Tunisia","5412","Yield","01231","Chillies and peppers, green (Capsicum spp. and Pimenta spp.)","2024","2024","kg/ha","23831","E","Estimated value"
"QCL","Crops and livestock products","788","Tunisia","5510","Production","01231","Chillies and peppers, green (Capsicum spp. and Pimenta spp.)","2024","2024","t","484212.99","I","Value imputed by a receiving agency"
"QCL","Crops and livestock products","788","Tunisia","5312","Area harvested","01355.02","Cranberries","2024","2024","ha","29","I","Value imputed by a receiving agency"
"QCL","Crops and livestock products","788","Tunisia","5412","Yield","01355.02","Cranberries","2024","2024","kg/ha","6460.7","E","Estimated value"
"QCL","Crops and livestock products","788","Tunisia","5510","Production","01355.02","Cranberries","2024","2024","t","185.87","I","Value imputed by a receiving agency"
"QCL","Crops and livestock products","788","Tunisia","5312","Area harvested","01232","Cucumbers and gherkins","2024","2024","ha","3218","E","Estimated value"
"QCL","Crops and livestock products","788","Tunisia","5412","Yield","01232","Cucumbers and gherkins","2024","2024","kg/ha","22144.1","E","Estimated value"
"QCL","Crops and livestock products","788","Tunisia","5510","Production","01232","Cucumbers and gherkins","2024","2024","t","71255.6","E","Estimated value"
"QCL","Crops and livestock products","788","Tunisia","5312","Area harvested","01314","Dates","2024","2024","ha","81732","I","Value imputed by a receiving agency"
"QCL","Crops and livestock products","788","Tunisia","5412","Yield","01314","Dates","2024","2024","kg/ha","4896.7","E","Estimated value"
"QCL","Crops and livestock products","788","Tunisia","5510","Production","01314","Dates","2024","2024","t","400219.18","I","Value imputed by a receiving agency"
"QCL","Crops and livestock products","788","Tunisia","5312","Area harvested","01233","Eggplants (aubergines)","2024","2024","ha","50","I","Value imputed by a receiving agency"
"QCL","Crops and livestock products","788","Tunisia","5412","Yield","01233","Eggplants (aubergines)","2024","2024","kg/ha","13987.9","E","Estimated value"
"QCL","Crops and livestock products","788","Tunisia","5510","Production","01233","Eggplants (aubergines)","2024","2024","t","696.59","I","Value imputed by a receiving agency"
"QCL","Crops and livestock products","788","Tunisia","5312","Area harvested","01315","Figs","2024","2024","ha","16612","I","Value imputed by a receiving agency"
"QCL","Crops and livestock products","788","Tunisia","5412","Yield","01315","Figs","2024","2024","kg/ha","1432.5","E","Estimated value"
"QCL","Crops and livestock products","788","Tunisia","5510","Production","01315","Figs","2024","2024","t","23796.7","I","Value imputed by a receiving agency"
"QCL","Crops and livestock products","788","Tunisia","5312","Area harvested","01330","Grapes","2024","2024","ha","22375","I","Value imputed by a receiving agency"
"QCL","Crops and livestock products","788","Tunisia","5412","Yield","01330","Grapes","2024","2024","kg/ha","7174.4","E","Estimated value"
"QCL","Crops and livestock products","788","Tunisia","5510","Production","01330","Grapes","2024","2024","t","160527.39","I","Value imputed by a receiving agency"
"QCL","Crops and livestock products","788","Tunisia","5312","Area harvested","01252","Green garlic","2024","2024","ha","2283","E","Estimated value"
"QCL","Crops and livestock products","788","Tunisia","5412","Yield","01252","Green garlic","2024","2024","kg/ha","11263.6","E","Estimated value"
"QCL","Crops and livestock products","788","Tunisia","5510","Production","01252","Green garlic","2024","2024","t","25716.87","E","Estimated value"
"QCL","Crops and livestock products","788","Tunisia","5312","Area harvested","01374","Hazelnuts, in shell","2024","2024","ha","51","E","Estimated value"
"QCL","Crops and livestock products","788","Tunisia","5412","Yield","01374","Hazelnuts, in shell","2024","2024","kg/ha","926.4","E","Estimated value"
"QCL","Crops and livestock products","788","Tunisia","5510","Production","01374","Hazelnuts, in shell","2024","2024","t","46.88","I","Value imputed by a receiving agency"
"QCL","Crops and livestock products","788","Tunisia","5312","Area harvested","01352","Kiwi fruit","2024","2024","ha","6","E","Estimated value"
"QCL","Crops and livestock products","788","Tunisia","5412","Yield","01352","Kiwi fruit","2024","2024","kg/ha","5539.7","E","Estimated value"
"QCL","Crops and livestock products","788","Tunisia","5510","Production","01352","Kiwi fruit","2024","2024","t","35.25","E","Estimated value"
"QCL","Crops and livestock products","788","Tunisia","5312","Area harvested","01322","Lemons and limes","2024","2024","ha","4132","I","Value imputed by a receiving agency"
"QCL","Crops and livestock products","788","Tunisia","5412","Yield","01322","Lemons and limes","2024","2024","kg/ha","14916.7","E","Estimated value"
"QCL","Crops and livestock products","788","Tunisia","5510","Production","01322","Lemons and limes","2024","2024","t","61643.17","I","Value imputed by a receiving agency"
"QCL","Crops and livestock products","788","Tunisia","5312","Area harvested","01704","Lentils, dry","2024","2024","ha","3500","E","Estimated value"
"QCL","Crops and livestock products","788","Tunisia","5412","Yield","01704","Lentils, dry","2024","2024","kg/ha","499.9","E","Estimated value"
"QCL","Crops and livestock products","788","Tunisia","5510","Production","01704","Lentils, dry","2024","2024","t","1749.66","E","Estimated value"
"QCL","Crops and livestock products","788","Tunisia","5312","Area harvested","01214","Lettuce and chicory","2024","2024","ha","3683","E","Estimated value"
"QCL","Crops and livestock products","788","Tunisia","5412","Yield","01214","Lettuce and chicory","2024","2024","kg/ha","20806.1","E","Estimated value"
"QCL","Crops and livestock products","788","Tunisia","5510","Production","01214","Lettuce and chicory","2024","2024","t","76630.4","E","Estimated value"
"QCL","Crops and livestock products","788","Tunisia","5312","Area harvested","01441","Linseed","2024","2024","ha","1070","E","Estimated value"
"QCL","Crops and livestock products","788","Tunisia","5412","Yield","01441","Linseed","2024","2024","kg/ha","2896.1","E","Estimated value"
"QCL","Crops and livestock products","788","Tunisia","5510","Production","01441","Linseed","2024","2024","t","3099.95","I","Value imputed by a receiving agency"
"QCL","Crops and livestock products","788","Tunisia","5312","Area harvested","01356","Locust beans (carobs)","2024","2024","ha","413","I","Value imputed by a receiving agency"
"QCL","Crops and livestock products","788","Tunisia","5412","Yield","01356","Locust beans (carobs)","2024","2024","kg/ha","1960.4","E","Estimated value"
"QCL","Crops and livestock products","788","Tunisia","5510","Production","01356","Locust beans (carobs)","2024","2024","t","810.24","I","Value imputed by a receiving agency"
"QCL","Crops and livestock products","788","Tunisia","5510","Production","01270","Mushrooms and truffles","2024","2024","t","185.8","I","Value imputed by a receiving agency"
"QCL","Crops and livestock products","788","Tunisia","5312","Area harvested","0117","Oats","2024","2024","ha","4388","E","Estimated value"
"QCL","Crops and livestock products","788","Tunisia","5412","Yield","0117","Oats","2024","2024","kg/ha","384.4","E","Estimated value"
"QCL","Crops and livestock products","788","Tunisia","5510","Production","0117","Oats","2024","2024","t","1686.57","I","Value imputed by a receiving agency"
"QCL","Crops and livestock products","788","Tunisia","5312","Area harvested","01450","Olives","2024","2024","ha","1865651","I","Value imputed by a receiving agency"
"QCL","Crops and livestock products","788","Tunisia","5412","Yield","01450","Olives","2024","2024","kg/ha","566.1","E","Estimated value"
"QCL","Crops and livestock products","788","Tunisia","5510","Production","01450","Olives","2024","2024","t","1056228.17","I","Value imputed by a receiving agency"
"QCL","Crops and livestock products","788","Tunisia","5312","Area harvested","01253.02","Onions and shallots, dry (excluding dehydrated)","2024","2024","ha","6066","E","Estimated value"
"QCL","Crops and livestock products","788","Tunisia","5412","Yield","01253.02","Onions and shallots, dry (excluding dehydrated)","2024","2024","kg/ha","31455.7","E","Estimated value"
"QCL","Crops and livestock products","788","Tunisia","5510","Production","01253.02","Onions and shallots, dry (excluding dehydrated)","2024","2024","t","190823.79","E","Estimated value"
"QCL","Crops and livestock products","788","Tunisia","5312","Area harvested","01253.01","Onions and shallots, green","2024","2024","ha","10423","I","Value imputed by a receiving agency"
"QCL","Crops and livestock products","788","Tunisia","5412","Yield","01253.01","Onions and shallots, green","2024","2024","kg/ha","27551.4","E","Estimated value"
"QCL","Crops and livestock products","788","Tunisia","5510","Production","01253.01","Onions and shallots, green","2024","2024","t","287167.14","E","Estimated value"
"QCL","Crops and livestock products","788","Tunisia","5312","Area harvested","01323","Oranges","2024","2024","ha","10380","I","Value imputed by a receiving agency"
"QCL","Crops and livestock products","788","Tunisia","5412","Yield","01323","Oranges","2024","2024","kg/ha","40164.8","E","Estimated value"
"QCL","Crops and livestock products","788","Tunisia","5510","Production","01323","Oranges","2024","2024","t","416897.47","I","Value imputed by a receiving agency"
"QCL","Crops and livestock products","788","Tunisia","5312","Area harvested","01241.90","Other beans, green","2024","2024","ha","292","E","Estimated value"
"QCL","Crops and livestock products","788","Tunisia","5412","Yield","01241.90","Other beans, green","2024","2024","kg/ha","3126.9","E","Estimated value"
"QCL","Crops and livestock products","788","Tunisia","5510","Production","01241.90","Other beans, green","2024","2024","t","914","E","Estimated value"
"QCL","Crops and livestock products","788","Tunisia","5312","Area harvested","01355.90","Other berries and fruits of the genus vaccinium n.e.c.","2024","2024","ha","21","I","Value imputed by a receiving agency"
"QCL","Crops and livestock products","788","Tunisia","5412","Yield","01355.90","Other berries and fruits of the genus vaccinium n.e.c.","2024","2024","kg/ha","9162.8","E","Estimated value"
"QCL","Crops and livestock products","788","Tunisia","5510","Production","01355.90","Other berries and fruits of the genus vaccinium n.e.c.","2024","2024","t","189.57","I","Value imputed by a receiving agency"
"QCL","Crops and livestock products","788","Tunisia","5312","Area harvested","01329","Other citrus fruit, n.e.c.","2024","2024","ha","13757","E","Estimated value"
"QCL","Crops and livestock products","788","Tunisia","5412","Yield","01329","Other citrus fruit, n.e.c.","2024","2024","kg/ha","10471","E","Estimated value"
"QCL","Crops and livestock products","788","Tunisia","5510","Production","01329","Other citrus fruit, n.e.c.","2024","2024","t","144053.95","E","Estimated value"
"QCL","Crops and livestock products","788","Tunisia","5312","Area harvested","01359.90","Other fruits, n.e.c.","2024","2024","ha","15945","E","Estimated value"
"QCL","Crops and livestock products","788","Tunisia","5412","Yield","01359.90","Other fruits, n.e.c.","2024","2024","kg/ha","5108.8","E","Estimated value"
"QCL","Crops and livestock products","788","Tunisia","5510","Production","01359.90","Other fruits, n.e.c.","2024","2024","t","81461.37","E","Estimated value"
"QCL","Crops and livestock products","788","Tunisia","5312","Area harvested","01379.90","Other nuts (excluding wild edible nuts and groundnuts), in shell, n.e.c.","2024","2024","ha","14","I","Value imputed by a receiving agency"
"QCL","Crops and livestock products","788","Tunisia","5412","Yield","01379.90","Other nuts (excluding wild edible nuts and groundnuts), in shell, n.e.c.","2024","2024","kg/ha","753.8","E","Estimated value"
"QCL","Crops and livestock products","788","Tunisia","5510","Production","01379.90","Other nuts (excluding wild edible nuts and groundnuts), in shell, n.e.c.","2024","2024","t","10.42","I","Value imputed by a receiving agency"
"QCL","Crops and livestock products","788","Tunisia","5312","Area harvested","01709.90","Other pulses n.e.c.","2024","2024","ha","32888","I","Value imputed by a receiving agency"
"QCL","Crops and livestock products","788","Tunisia","5412","Yield","01709.90","Other pulses n.e.c.","2024","2024","kg/ha","849.2","E","Estimated value"
"QCL","Crops and livestock products","788","Tunisia","5510","Production","01709.90","Other pulses n.e.c.","2024","2024","t","27929.78","E","Estimated value"
"QCL","Crops and livestock products","788","Tunisia","5312","Area harvested","01699","Other stimulant, spice and aromatic crops, n.e.c.","2024","2024","ha","3291","E","Estimated value"
"QCL","Crops and livestock products","788","Tunisia","5412","Yield","01699","Other stimulant, spice and aromatic crops, n.e.c.","2024","2024","kg/ha","1022.8","E","Estimated value"
"QCL","Crops and livestock products","788","Tunisia","5510","Production","01699","Other stimulant, spice and aromatic crops, n.e.c.","2024","2024","t","3366.03","E","Estimated value"
"QCL","Crops and livestock products","788","Tunisia","5312","Area harvested","01349.20","Other stone fruits","2024","2024","ha","600","I","Value imputed by a receiving agency"
"QCL","Crops and livestock products","788","Tunisia","5412","Yield","01349.20","Other stone fruits","2024","2024","kg/ha","9330.1","E","Estimated value"
"QCL","Crops and livestock products","788","Tunisia","5510","Production","01349.20","Other stone fruits","2024","2024","t","5600","I","Value imputed by a receiving agency"
"QCL","Crops and livestock products","788","Tunisia","5312","Area harvested","01319","Other tropical fruits, n.e.c.","2024","2024","ha","12521","E","Estimated value"
"QCL","Crops and livestock products","788","Tunisia","5412","Yield","01319","Other tropical fruits, n.e.c.","2024","2024","kg/ha","8404.9","E","Estimated value"
"QCL","Crops and livestock products","788","Tunisia","5510","Production","01319","Other tropical fruits, n.e.c.","2024","2024","t","105239.89","E","Estimated value"
"QCL","Crops and livestock products","788","Tunisia","5312","Area harvested","01290.90","Other vegetables, fresh n.e.c.","2024","2024","ha","7784","E","Estimated value"
"QCL","Crops and livestock products","788","Tunisia","5412","Yield","01290.90","Other vegetables, fresh n.e.c.","2024","2024","kg/ha","14994.2","E","Estimated value"
"QCL","Crops and livestock products","788","Tunisia","5510","Production","01290.90","Other vegetables, fresh n.e.c.","2024","2024","t","116709.08","E","Estimated value"
"QCL","Crops and livestock products","788","Tunisia","5510","Production","01317","Papayas","2024","2024","t","78.3","I","Value imputed by a receiving agency"
"QCL","Crops and livestock products","788","Tunisia","5312","Area harvested","01345","Peaches and nectarines","2024","2024","ha","13814","I","Value imputed by a receiving agency"
"QCL","Crops and livestock products","788","Tunisia","5412","Yield","01345","Peaches and nectarines","2024","2024","kg/ha","11486.6","E","Estimated value"
"QCL","Crops and livestock products","788","Tunisia","5510","Production","01345","Peaches and nectarines","2024","2024","t","158681.07","I","Value imputed by a receiving agency"
"QCL","Crops and livestock products","788","Tunisia","5312","Area harvested","01342.01","Pears","2024","2024","ha","3304","I","Value imputed by a receiving agency"
"QCL","Crops and livestock products","788","Tunisia","5412","Yield","01342.01","Pears","2024","2024","kg/ha","4773.6","E","Estimated value"
"QCL","Crops and livestock products","788","Tunisia","5510","Production","01342.01","Pears","2024","2024","t","15772.87","I","Value imputed by a receiving agency"
"QCL","Crops and livestock products","788","Tunisia","5312","Area harvested","01705","Peas, dry","2024","2024","ha","5928","E","Estimated value"
"QCL","Crops and livestock products","788","Tunisia","5412","Yield","01705","Peas, dry","2024","2024","kg/ha","887.6","E","Estimated value"
"QCL","Crops and livestock products","788","Tunisia","5510","Production","01705","Peas, dry","2024","2024","t","5262.25","E","Estimated value"
"QCL","Crops and livestock products","788","Tunisia","5312","Area harvested","01242","Peas, green","2024","2024","ha","12344","E","Estimated value"
"QCL","Crops and livestock products","788","Tunisia","5412","Yield","01242","Peas, green","2024","2024","kg/ha","4245.1","E","Estimated value"
"QCL","Crops and livestock products","788","Tunisia","5510","Production","01242","Peas, green","2024","2024","t","52401.36","E","Estimated value"
"QCL","Crops and livestock products","788","Tunisia","5312","Area harvested","01375","Pistachios, in shell","2024","2024","ha","26958","E","Estimated value"
"QCL","Crops and livestock products","788","Tunisia","5412","Yield","01375","Pistachios, in shell","2024","2024","kg/ha","116.3","E","Estimated value"
"QCL","Crops and livestock products","788","Tunisia","5510","Production","01375","Pistachios, in shell","2024","2024","t","3135.33","E","Estimated value"
"QCL","Crops and livestock products","788","Tunisia","5312","Area harvested","01346","Plums and sloes","2024","2024","ha","3393","I","Value imputed by a receiving agency"
"QCL","Crops and livestock products","788","Tunisia","5412","Yield","01346","Plums and sloes","2024","2024","kg/ha","6069.6","E","Estimated value"
"QCL","Crops and livestock products","788","Tunisia","5510","Production","01346","Plums and sloes","2024","2024","t","20595.42","I","Value imputed by a receiving agency"
"QCL","Crops and livestock products","788","Tunisia","5312","Area harvested","01321","Pomelos and grapefruits","2024","2024","ha","4775","E","Estimated value"
"QCL","Crops and livestock products","788","Tunisia","5412","Yield","01321","Pomelos and grapefruits","2024","2024","kg/ha","21849.3","E","Estimated value"
"QCL","Crops and livestock products","788","Tunisia","5510","Production","01321","Pomelos and grapefruits","2024","2024","t","104338.25","E","Estimated value"
"QCL","Crops and livestock products","788","Tunisia","5312","Area harvested","01510","Potatoes","2024","2024","ha","26275","I","Value imputed by a receiving agency"
"QCL","Crops and livestock products","788","Tunisia","5412","Yield","01510","Potatoes","2024","2024","kg/ha","17738.6","E","Estimated value"
"QCL","Crops and livestock products","788","Tunisia","5510","Production","01510","Potatoes","2024","2024","t","466090.31","I","Value imputed by a receiving agency"
"QCL","Crops and livestock products","788","Tunisia","5312","Area harvested","01235","Pumpkins, squash and gourds","2024","2024","ha","3120","I","Value imputed by a receiving agency"
"QCL","Crops and livestock products","788","Tunisia","5412","Yield","01235","Pumpkins, squash and gourds","2024","2024","kg/ha","27754.8","E","Estimated value"
"QCL","Crops and livestock products","788","Tunisia","5510","Production","01235","Pumpkins, squash and gourds","2024","2024","t","86601.96","I","Value imputed by a receiving agency"
"QCL","Crops and livestock products","788","Tunisia","5312","Area harvested","01930.02","Pyrethrum, dried flowers","2024","2024","ha","580","I","Value imputed by a receiving agency"
"QCL","Crops and livestock products","788","Tunisia","5412","Yield","01930.02","Pyrethrum, dried flowers","2024","2024","kg/ha","251.8","E","Estimated value"
"QCL","Crops and livestock products","788","Tunisia","5510","Production","01930.02","Pyrethrum, dried flowers","2024","2024","t","146.06","I","Value imputed by a receiving agency"
"QCL","Crops and livestock products","788","Tunisia","5312","Area harvested","01342.02","Quinces","2024","2024","ha","422","I","Value imputed by a receiving agency"
"QCL","Crops and livestock products","788","Tunisia","5412","Yield","01342.02","Quinces","2024","2024","kg/ha","9473.2","E","Estimated value"
"QCL","Crops and livestock products","788","Tunisia","5510","Production","01342.02","Quinces","2024","2024","t","3998.62","E","Estimated value"
"QCL","Crops and livestock products","788","Tunisia","5312","Area harvested","01443","Rape or colza seed","2024","2024","ha","7706","I","Value imputed by a receiving agency"
"QCL","Crops and livestock products","788","Tunisia","5412","Yield","01443","Rape or colza seed","2024","2024","kg/ha","710.4","E","Estimated value"
"QCL","Crops and livestock products","788","Tunisia","5510","Production","01443","Rape or colza seed","2024","2024","t","5474.44","I","Value imputed by a receiving agency"
"QCL","Crops and livestock products","788","Tunisia","5312","Area harvested","01921.01","Seed cotton, unginned","2024","2024","ha","3543","I","Value imputed by a receiving agency"
"QCL","Crops and livestock products","788","Tunisia","5412","Yield","01921.01","Seed cotton, unginned","2024","2024","kg/ha","1918.2","E","Estimated value"
"QCL","Crops and livestock products","788","Tunisia","5510","Production","01921.01","Seed cotton, unginned","2024","2024","t","6796.28","I","Value imputed by a receiving agency"
"QCL","Crops and livestock products","788","Tunisia","5312","Area harvested","0114","Sorghum","2024","2024","ha","2351","E","Estimated value"
"QCL","Crops and livestock products","788","Tunisia","5412","Yield","0114","Sorghum","2024","2024","kg/ha","515.8","E","Estimated value"
"QCL","Crops and livestock products","788","Tunisia","5510","Production","0114","Sorghum","2024","2024","t","1212.72","I","Value imputed by a receiving agency"
"QCL","Crops and livestock products","788","Tunisia","5312","Area harvested","01215","Spinach","2024","2024","ha","616","I","Value imputed by a receiving agency"
"QCL","Crops and livestock products","788","Tunisia","5412","Yield","01215","Spinach","2024","2024","kg/ha","12041","E","Estimated value"
"QCL","Crops and livestock products","788","Tunisia","5510","Production","01215","Spinach","2024","2024","t","7413.37","I","Value imputed by a receiving agency"
"QCL","Crops and livestock products","788","Tunisia","5312","Area harvested","01354","Strawberries","2024","2024","ha","410","E","Estimated value"
"QCL","Crops and livestock products","788","Tunisia","5412","Yield","01354","Strawberries","2024","2024","kg/ha","24706","E","Estimated value"
"QCL","Crops and livestock products","788","Tunisia","5510","Production","01354","Strawberries","2024","2024","t","10136.87","E","Estimated value"
"QCL","Crops and livestock products","788","Tunisia","5312","Area harvested","01801","Sugar beet","2024","2024","ha","1462","E","Estimated value"
"QCL","Crops and livestock products","788","Tunisia","5412","Yield","01801","Sugar beet","2024","2024","kg/ha","59212.5","E","Estimated value"
"QCL","Crops and livestock products","788","Tunisia","5510","Production","01801","Sugar beet","2024","2024","t","86571.62","E","Estimated value"
"QCL","Crops and livestock products","788","Tunisia","5312","Area harvested","01445","Sunflower seed","2024","2024","ha","7469","E","Estimated value"
"QCL","Crops and livestock products","788","Tunisia","5412","Yield","01445","Sunflower seed","2024","2024","kg/ha","858.5","E","Estimated value"
"QCL","Crops and livestock products","788","Tunisia","5510","Production","01445","Sunflower seed","2024","2024","t","6412.21","E","Estimated value"
"QCL","Crops and livestock products","788","Tunisia","5312","Area harvested","01324","Tangerines, mandarins, clementines","2024","2024","ha","9520","I","Value imputed by a receiving agency"
"QCL","Crops and livestock products","788","Tunisia","5412","Yield","01324","Tangerines, mandarins, clementines","2024","2024","kg/ha","8515.7","E","Estimated value"
"QCL","Crops and livestock products","788","Tunisia","5510","Production","01324","Tangerines, mandarins, clementines","2024","2024","t","81068.68","I","Value imputed by a receiving agency"
"QCL","Crops and livestock products","788","Tunisia","5312","Area harvested","01234","Tomatoes","2024","2024","ha","22592","I","Value imputed by a receiving agency"
"QCL","Crops and livestock products","788","Tunisia","5412","Yield","01234","Tomatoes","2024","2024","kg/ha","63330.3","E","Estimated value"
"QCL","Crops and livestock products","788","Tunisia","5510","Production","01234","Tomatoes","2024","2024","t","1430769.66","I","Value imputed by a receiving agency"
"QCL","Crops and livestock products","788","Tunisia","5312","Area harvested","01191","Triticale","2024","2024","ha","10310","I","Value imputed by a receiving agency"
"QCL","Crops and livestock products","788","Tunisia","5412","Yield","01191","Triticale","2024","2024","kg/ha","2165.5","E","Estimated value"
"QCL","Crops and livestock products","788","Tunisia","5510","Production","01191","Triticale","2024","2024","t","22326.43","I","Value imputed by a receiving agency"
"QCL","Crops and livestock products","788","Tunisia","5312","Area harvested","01970","Unmanufactured tobacco","2024","2024","ha","1584","E","Estimated value"
"QCL","Crops and livestock products","788","Tunisia","5412","Yield","01970","Unmanufactured tobacco","2024","2024","kg/ha","1398.5","E","Estimated value"
"QCL","Crops and livestock products","788","Tunisia","5510","Production","01970","Unmanufactured tobacco","2024","2024","t","2215.69","E","Estimated value"
"QCL","Crops and livestock products","788","Tunisia","5312","Area harvested","01709.01","Vetches","2024","2024","ha","102","I","Value imputed by a receiving agency"
"QCL","Crops and livestock products","788","Tunisia","5412","Yield","01709.01","Vetches","2024","2024","kg/ha","2482.7","E","Estimated value"
"QCL","Crops and livestock products","788","Tunisia","5510","Production","01709.01","Vetches","2024","2024","t","254.13","E","Estimated value"
"QCL","Crops and livestock products","788","Tunisia","5312","Area harvested","01221","Watermelons","2024","2024","ha","4648","I","Value imputed by a receiving agency"
"QCL","Crops and livestock products","788","Tunisia","5412","Yield","01221","Watermelons","2024","2024","kg/ha","108448.2","E","Estimated value"
"QCL","Crops and livestock products","788","Tunisia","5510","Production","01221","Watermelons","2024","2024","t","504091.54","I","Value imputed by a receiving agency"
"QCL","Crops and livestock products","788","Tunisia","5312","Area harvested","0111","Wheat","2024","2024","ha","536000","X","Figure from external organization"
"QCL","Crops and livestock products","788","Tunisia","5412","Yield","0111","Wheat","2024","2024","kg/ha","2145.5","X","Figure from external organization"
"QCL","Crops and livestock products","788","Tunisia","5510","Production","0111","Wheat","2024","2024","t","1150000","X","Figure from external organization"
